{
	"info": {
		"_postman_id": "430388ef-b5d6-4126-91f7-bc34dc709fb2",
		"name": "Newspapers REST",
		"schema": "https://schema.getpostman.com/json/collection/v2.1.0/collection.json",
		"_uid": "23539182-430388ef-b5d6-4126-91f7-bc34dc709fb2"
	},
	"item": [
		{
			"name": "Readers",
			"item": [
				{
					"name": "Get All",
					"id": "689c1f79-a25f-4ac5-837b-286004d20203",
					"protocolProfileBehavior": {
						"disableBodyPruning": true
					},
					"request": {
						"method": "GET",
						"header": [],
						"body": {
							"mode": "raw",
							"raw": "",
							"options": {
								"raw": {
									"language": "json"
								}
							}
						},
						"url": {
							"raw": "{{url}}{{path_readers}}",
							"host": [
								"{{url}}{{path_readers}}"
							]
						}
					},
					"response": []
				},
				{
					"name": "Get - No válido",
					"id": "066e431f-b3be-452b-9180-dc3ac97edd2a",
					"protocolProfileBehavior": {
						"disableBodyPruning": true
					},
					"request": {
						"method": "GET",
						"header": [],
						"url": {
							"raw": "{{url}}{{path_readers}}/5",
							"host": [
								"{{url}}{{path_readers}}"
							],
							"path": [
								"5"
							]
						}
					},
					"response": []
				},
				{
					"name": "Get - Válido",
					"id": "21ede7ee-aca6-4fef-ad96-5b4c948dc163",
					"protocolProfileBehavior": {
						"disableBodyPruning": true
					},
					"request": {
						"method": "GET",
						"header": [],
						"body": {
							"mode": "raw",
							"raw": "",
							"options": {
								"raw": {
									"language": "json"
								}
							}
						},
						"url": {
							"raw": "{{url}}{{path_readers}}/1",
							"host": [
								"{{url}}{{path_readers}}"
							],
							"path": [
								"1"
							]
						}
					},
					"response": []
				},
				{
					"name": "Add - No Válido",
					"id": "5224f620-95a4-4f6d-8128-afec8c097d6a",
					"protocolProfileBehavior": {
						"disableBodyPruning": true
					},
					"request": {
						"method": "POST",
						"header": [],
						"body": {
							"mode": "raw",
							"raw": "    {\r\n        \"birthDate\": \"2020-05-05\",\r\n        \"login\": {\r\n            \"password\": \"gus\",\r\n            \"user\": \"gus\"\r\n        },\r\n        \"name\": \"Gustavo\"\r\n    }",
							"options": {
								"raw": {
									"language": "json"
								}
							}
						},
						"url": {
							"raw": "{{url}}{{path_readers}}",
							"host": [
								"{{url}}{{path_readers}}"
							]
						}
					},
					"response": []
				},
				{
					"name": "Add - Válido",
					"id": "29d8d108-7700-494e-83d8-831d68481434",
					"protocolProfileBehavior": {
						"disableBodyPruning": true
					},
					"request": {
						"method": "POST",
						"header": [],
						"body": {
							"mode": "raw",
							"raw": "    {\r\n        \"birthDate\": \"2014-05-17\",\r\n        \"login\": {\r\n            \"password\": \"HolaOscar\",\r\n            \"user\": \"HolaOscar\"\r\n        },\r\n        \"name\": \"Oscar N.\"\r\n    }",
							"options": {
								"raw": {
									"language": "json"
								}
							}
						},
						"url": {
							"raw": "{{url}}{{path_readers}}",
							"host": [
								"{{url}}{{path_readers}}"
							]
						}
					},
					"response": []
				},
				{
					"name": "Update - No Válido",
					"id": "fe1ddced-5db3-4ddc-a047-fe403f29da6f",
					"protocolProfileBehavior": {
						"disableBodyPruning": true
					},
					"request": {
						"method": "PUT",
						"header": [],
						"body": {
							"mode": "raw",
							"raw": "    {\r\n        \"birthDate\": \"2014-05-17\",\r\n        \"id\": \"15\",\r\n        \"login\": {\r\n            \"idReader\": \"15\",\r\n            \"password\": \"r16\",\r\n            \"user\": \"r16\"\r\n        },\r\n        \"name\": \"Gustavo16\"\r\n    }",
							"options": {
								"raw": {
									"language": "json"
								}
							}
						},
						"url": {
							"raw": "{{url}}{{path_readers}}/update",
							"host": [
								"{{url}}{{path_readers}}"
							],
							"path": [
								"update"
							]
						}
					},
					"response": []
				},
				{
					"name": "Update - Válido",
					"id": "cf37f1d5-9e4b-44b6-93a0-d208fa72c101",
					"protocolProfileBehavior": {
						"disableBodyPruning": true
					},
					"request": {
						"method": "PUT",
						"header": [],
						"body": {
							"mode": "raw",
							"raw": "    {\r\n        \"birthDate\": \"2014-05-17\",\r\n        \"id\": \"16\",\r\n        \"login\": {\r\n            \"password\": \"r16UPDATE\",\r\n            \"user\": \"r16UPD\"\r\n        },\r\n        \"name\": \"Gustavo16\"\r\n    }",
							"options": {
								"raw": {
									"language": "json"
								}
							}
						},
						"url": {
							"raw": "{{url}}{{path_readers}}/update",
							"host": [
								"{{url}}{{path_readers}}"
							],
							"path": [
								"update"
							]
						}
					},
					"response": []
				},
				{
					"name": "Delete - No Válido",
					"id": "6d43ee13-362e-4ae9-b656-c974b16453fe",
					"protocolProfileBehavior": {
						"disableBodyPruning": true
					},
					"request": {
						"method": "DELETE",
						"header": [],
						"body": {
							"mode": "raw",
							"raw": "",
							"options": {
								"raw": {
									"language": "json"
								}
							}
						},
						"url": {
							"raw": "{{url}}{{path_readers}}/18",
							"host": [
								"{{url}}{{path_readers}}"
							],
							"path": [
								"18"
							]
						}
					},
					"response": []
				},
				{
					"name": "Delete - Válido",
					"id": "0dcfcb29-05ed-4968-817f-c6de77e04a73",
					"protocolProfileBehavior": {
						"disableBodyPruning": true
					},
					"request": {
						"method": "DELETE",
						"header": [],
						"url": {
							"raw": "{{url}}{{path_readers}}/20",
							"host": [
								"{{url}}{{path_readers}}"
							],
							"path": [
								"20"
							]
						}
					},
					"response": []
				},
				{
					"name": "Get All por Tipo de artículos",
					"id": "7e707cd7-01b3-44c4-bb34-d1d53f7be8f9",
					"protocolProfileBehavior": {
						"disableBodyPruning": true
					},
					"request": {
						"method": "GET",
						"header": [],
						"url": {
							"raw": "{{url}}{{path_readers}}/tipo/{{nombreTipo}}",
							"host": [
								"{{url}}{{path_readers}}"
							],
							"path": [
								"tipo",
								"{{nombreTipo}}"
							]
						}
					},
					"response": []
				},
				{
					"name": "Get nombre top 5 suscriptores más antiguos de newspaper",
					"id": "612415fe-c2da-43ad-ac4a-903138df0923",
					"protocolProfileBehavior": {
						"disableBodyPruning": true
					},
					"request": {
						"method": "GET",
						"header": [],
						"url": {
							"raw": "{{url}}{{path_readers}}/news/4/oldest",
							"host": [
								"{{url}}{{path_readers}}"
							],
							"path": [
								"news",
								"4",
								"oldest"
							]
						}
					},
					"response": []
				},
				{
					"name": "Get lectores por periódico",
					"id": "80cb00ed-96d5-4112-b7be-3a6f886f3492",
					"protocolProfileBehavior": {
						"disableBodyPruning": true
					},
					"request": {
						"method": "GET",
						"header": [],
						"url": {
							"raw": "{{url}}{{path_readers}}/news/1",
							"host": [
								"{{url}}{{path_readers}}"
							],
							"path": [
								"news",
								"1"
							]
						}
					},
					"response": []
				}
			],
			"id": "046fc72b-1eee-40f5-aa12-c2d2610c6f17"
		},
		{
			"name": "Newspapers",
			"item": [
				{
					"name": "Get All",
					"id": "8f7af007-5808-4175-b9e0-55c120b7cb50",
					"protocolProfileBehavior": {
						"disableBodyPruning": true
					},
					"request": {
						"method": "GET",
						"header": [],
						"url": {
							"raw": "{{url}}{{path_news}}",
							"host": [
								"{{url}}{{path_news}}"
							]
						}
					},
					"response": []
				},
				{
					"name": "Get - No Válido",
					"id": "9dc0245d-e7f2-4f23-8cbd-1d154cf9f09a",
					"protocolProfileBehavior": {
						"disableBodyPruning": true
					},
					"request": {
						"method": "GET",
						"header": [],
						"url": {
							"raw": "{{url}}{{path_news}}/dameUno",
							"host": [
								"{{url}}{{path_news}}"
							],
							"path": [
								"dameUno"
							]
						}
					},
					"response": []
				},
				{
					"name": "Get - Válido",
					"id": "55ba21df-c9be-4f99-bc26-19d7549506d4",
					"protocolProfileBehavior": {
						"disableBodyPruning": true
					},
					"request": {
						"method": "GET",
						"header": [],
						"url": {
							"raw": "{{url}}{{path_news}}/1",
							"host": [
								"{{url}}{{path_news}}"
							],
							"path": [
								"1"
							]
						}
					},
					"response": []
				},
				{
					"name": "Add - Válido",
					"id": "498e310f-3d98-4629-85ae-914d4a19c344",
					"protocolProfileBehavior": {
						"disableBodyPruning": true
					},
					"request": {
						"method": "POST",
						"header": [],
						"body": {
							"mode": "raw",
							"raw": "{\r\n    \"name_newspaper\": \"OSCAR NEWS!!!!!!!!\",\r\n    \"release_date\": \"2011-12-01\"\r\n}",
							"options": {
								"raw": {
									"language": "json"
								}
							}
						},
						"url": {
							"raw": "{{url}}{{path_news}}",
							"host": [
								"{{url}}{{path_news}}"
							]
						}
					},
					"response": []
				},
				{
					"name": "Add - No Válido",
					"id": "04cbd6a8-0a20-4f97-b302-8b5f1e992cb4",
					"protocolProfileBehavior": {
						"disableBodyPruning": true
					},
					"request": {
						"method": "POST",
						"header": [],
						"body": {
							"mode": "raw",
							"raw": "{\r\n    \"name_newspaper\": \"The New York Hours\",\r\n    \"release_date\": \"2011-12-01\"\r\n}",
							"options": {
								"raw": {
									"language": "json"
								}
							}
						},
						"url": {
							"raw": "{{url}}{{path_news}}",
							"host": [
								"{{url}}{{path_news}}"
							]
						}
					},
					"response": []
				},
				{
					"name": "Put - No Válido",
					"id": "d80f9656-b35b-4f2d-903f-72c48287c79c",
					"protocolProfileBehavior": {
						"disableBodyPruning": true
					},
					"request": {
						"method": "PUT",
						"header": [],
						"body": {
							"mode": "raw",
							"raw": "{\r\n    \"id\": 10,\r\n    \"name_newspaper\": \"New Newspaper\",\r\n    \"release_date\": \"2011-12-01\"\r\n}",
							"options": {
								"raw": {
									"language": "json"
								}
							}
						},
						"url": {
							"raw": "{{url}}{{path_news}}/update",
							"host": [
								"{{url}}{{path_news}}"
							],
							"path": [
								"update"
							]
						}
					},
					"response": []
				},
				{
					"name": "Put - Válido",
					"id": "2aa2e2c5-3520-4533-a1b6-55130c8056e1",
					"protocolProfileBehavior": {
						"disableBodyPruning": true
					},
					"request": {
						"method": "PUT",
						"header": [],
						"body": {
							"mode": "raw",
							"raw": "{\r\n    \"id\": 12,\r\n    \"name_newspaper\": \"New Newspaper.\",\r\n    \"release_date\": \"2011-12-01\"\r\n}",
							"options": {
								"raw": {
									"language": "json"
								}
							}
						},
						"url": {
							"raw": "{{url}}{{path_news}}/update",
							"host": [
								"{{url}}{{path_news}}"
							],
							"path": [
								"update"
							]
						}
					},
					"response": []
				},
				{
					"name": "Delete - No Válido (!numérico)",
					"id": "f660de6c-8de0-4054-813c-605665c02a30",
					"protocolProfileBehavior": {
						"disableBodyPruning": true
					},
					"request": {
						"method": "DELETE",
						"header": [],
						"url": {
							"raw": "{{url}}{{path_news}}/borrate",
							"host": [
								"{{url}}{{path_news}}"
							],
							"path": [
								"borrate"
							]
						}
					},
					"response": []
				},
				{
					"name": "Delete - No Válido",
					"id": "b1f484d7-ce46-430c-997d-1165ac80be04",
					"protocolProfileBehavior": {
						"disableBodyPruning": true
					},
					"request": {
						"method": "DELETE",
						"header": [],
						"url": {
							"raw": "{{url}}{{path_news}}/15",
							"host": [
								"{{url}}{{path_news}}"
							],
							"path": [
								"15"
							]
						}
					},
					"response": []
				},
				{
					"name": "Delete - Válido",
					"id": "da362e22-044c-4431-a86b-01e80f1b5ff6",
					"protocolProfileBehavior": {
						"disableBodyPruning": true
					},
					"request": {
						"method": "DELETE",
						"header": [],
						"url": {
							"raw": "{{url}}{{path_news}}/16",
							"host": [
								"{{url}}{{path_news}}"
							],
							"path": [
								"16"
							]
						}
					},
					"response": []
				},
				{
					"name": "Get newspapers por reader (los que está suscripto)",
					"id": "4639ff0d-fbe7-4229-ab8c-ed843eb7b2dc",
					"protocolProfileBehavior": {
						"disableBodyPruning": true
					},
					"request": {
						"method": "GET",
						"header": [],
						"url": {
							"raw": "{{url}}{{path_news}}/suscripciones/1?susc=true",
							"host": [
								"{{url}}{{path_news}}"
							],
							"path": [
								"suscripciones",
								"1"
							],
							"query": [
								{
									"key": "susc",
									"value": "true"
								}
							]
						}
					},
					"response": []
				},
				{
					"name": "Get newspaper por reader (los que NO está suscripto)",
					"id": "37ec2398-80f1-4697-96bb-5763c0541d9e",
					"protocolProfileBehavior": {
						"disableBodyPruning": true
					},
					"request": {
						"method": "GET",
						"header": [],
						"url": {
							"raw": "{{url}}{{path_news}}/suscripciones/1?susc=false",
							"host": [
								"{{url}}{{path_news}}"
							],
							"path": [
								"suscripciones",
								"1"
							],
							"query": [
								{
									"key": "susc",
									"value": "false"
								}
							]
						}
					},
					"response": []
				},
				{
					"name": "Get newspapers por  reader (no válido)",
					"id": "0f7fff6d-880c-4a77-a3ef-85fb32c2943a",
					"protocolProfileBehavior": {
						"disableBodyPruning": true
					},
					"request": {
						"method": "GET",
						"header": [],
						"url": {
							"raw": "{{url}}{{path_news}}/suscripciones/1?susc=si",
							"host": [
								"{{url}}{{path_news}}"
							],
							"path": [
								"suscripciones",
								"1"
							],
							"query": [
								{
									"key": "susc",
									"value": "si"
								}
							]
						}
					},
					"response": []
				}
			],
			"id": "a17e148a-8fa3-4cb6-adad-76f31a6a47d0"
		},
		{
			"name": "Login",
			"item": [
				{
					"name": "Get - No Válido (mal los parámetros)",
					"id": "09822bc2-0427-4598-8b2e-2b5d652ec74c",
					"protocolProfileBehavior": {
						"disableBodyPruning": true
					},
					"request": {
						"method": "GET",
						"header": [],
						"url": {
							"raw": "{{url}}{{path_login}}",
							"host": [
								"{{url}}{{path_login}}"
							]
						}
					},
					"response": []
				},
				{
					"name": "Get - No Válido (credenciales mal)",
					"id": "f21a5e18-e0fc-48f3-af7a-b24970ff8126",
					"protocolProfileBehavior": {
						"disableBodyPruning": true
					},
					"request": {
						"method": "GET",
						"header": [],
						"url": {
							"raw": "{{url}}{{path_login}}?user=r1&pass=NOr1",
							"host": [
								"{{url}}{{path_login}}"
							],
							"query": [
								{
									"key": "user",
									"value": "r1"
								},
								{
									"key": "pass",
									"value": "NOr1"
								}
							]
						}
					},
					"response": []
				},
				{
					"name": "Get - Válido",
					"id": "bf46e261-6254-4c0b-aff5-36e802c5b39f",
					"protocolProfileBehavior": {
						"disableBodyPruning": true
					},
					"request": {
						"method": "GET",
						"header": [],
						"url": {
							"raw": "{{url}}{{path_login}}?user=r1&pass=r1",
							"host": [
								"{{url}}{{path_login}}"
							],
							"query": [
								{
									"key": "user",
									"value": "r1"
								},
								{
									"key": "pass",
									"value": "r1"
								}
							]
						}
					},
					"response": []
				}
			],
			"id": "dfc0d35d-4896-4024-aadd-665031f8f56e"
		},
		{
			"name": "Read Articles",
			"item": [
				{
					"name": "Get All",
					"id": "2ad871b3-f127-492c-9fe8-fd5f4f1caba6",
					"protocolProfileBehavior": {
						"disableBodyPruning": true
					},
					"request": {
						"method": "GET",
						"header": [],
						"url": {
							"raw": "{{url}}{{path_readarts}}",
							"host": [
								"{{url}}{{path_readarts}}"
							]
						}
					},
					"response": []
				},
				{
					"name": "Get rating artículo por lector - Válido",
					"id": "7131a7b4-2010-448a-98b7-7ab988e8996e",
					"protocolProfileBehavior": {
						"disableBodyPruning": true
					},
					"request": {
						"method": "GET",
						"header": [],
						"url": {
							"raw": "{{url}}{{path_readarts}}/1?artID=1",
							"host": [
								"{{url}}{{path_readarts}}"
							],
							"path": [
								"1"
							],
							"query": [
								{
									"key": "artID",
									"value": "1"
								}
							]
						}
					},
					"response": []
				},
				{
					"name": "Get rating artículo por lector - No Válido (NO query param)",
					"id": "162aff33-62ee-498a-ba46-9a9e4146d1c5",
					"protocolProfileBehavior": {
						"disableBodyPruning": true
					},
					"request": {
						"method": "GET",
						"header": [],
						"url": {
							"raw": "{{url}}/readarts/1",
							"host": [
								"{{url}}"
							],
							"path": [
								"readarts",
								"1"
							]
						}
					},
					"response": []
				},
				{
					"name": "Get rating artículo por lector - No Válido (no leyó el artículo)",
					"id": "ad5c1ef9-7337-48cb-8b02-9d1fd3afc2a9",
					"protocolProfileBehavior": {
						"disableBodyPruning": true
					},
					"request": {
						"method": "GET",
						"header": [],
						"url": {
							"raw": "{{url}}/readarts/1?artID=2",
							"host": [
								"{{url}}"
							],
							"path": [
								"readarts",
								"1"
							],
							"query": [
								{
									"key": "artID",
									"value": "2"
								}
							]
						}
					},
					"response": []
				},
				{
					"name": "Get artículos mal puntuados y si el lector suele puntuar mal - Válido",
					"id": "19dbb483-f605-49e0-a0c5-2a32c616f261",
					"protocolProfileBehavior": {
						"disableBodyPruning": true
					},
					"request": {
						"method": "GET",
						"header": [],
						"url": {
							"raw": "{{url}}{{path_readarts}}/news/1",
							"host": [
								"{{url}}{{path_readarts}}"
							],
							"path": [
								"news",
								"1"
							]
						}
					},
					"response": []
				},
				{
					"name": "Get artículos mal puntuados y si el lector suele puntuar mal - No Válido",
					"id": "522a9b82-4260-4622-bcaa-f31747678dce",
					"protocolProfileBehavior": {
						"disableBodyPruning": true
					},
					"request": {
						"method": "GET",
						"header": [],
						"url": {
							"raw": "{{url}}{{path_readarts}}/news/6",
							"host": [
								"{{url}}{{path_readarts}}"
							],
							"path": [
								"news",
								"6"
							]
						}
					},
					"response": []
				},
				{
					"name": "Add - Válido",
					"id": "c4a31e75-6a57-4674-8363-7a38563e6538",
					"protocolProfileBehavior": {
						"disableBodyPruning": true
					},
					"request": {
						"method": "POST",
						"header": [],
						"body": {
							"mode": "raw",
							"raw": "    {\r\n        \"id_article\": \"24\",\r\n        \"id_reader\": \"16\",\r\n        \"rating\": \"3\"\r\n    }",
							"options": {
								"raw": {
									"language": "json"
								}
							}
						},
						"url": {
							"raw": "{{url}}{{path_readarts}}",
							"host": [
								"{{url}}{{path_readarts}}"
							]
						}
					},
					"response": []
				},
				{
					"name": "Add - No Válido",
					"id": "14e5d717-7f58-49b1-b568-7092732243ce",
					"protocolProfileBehavior": {
						"disableBodyPruning": true
					},
					"request": {
						"method": "POST",
						"header": [],
						"body": {
							"mode": "raw",
							"raw": "    {\r\n        \"id_article\": \"500\",\r\n        \"id_reader\": \"16\",\r\n        \"rating\": \"3\"\r\n    }",
							"options": {
								"raw": {
									"language": "json"
								}
							}
						},
						"url": {
							"raw": "{{url}}{{path_readarts}}",
							"host": [
								"{{url}}{{path_readarts}}"
							]
						}
					},
					"response": []
				},
				{
					"name": "Put - Válido",
					"id": "ab5572f1-6cfa-4fa8-adca-0569457bfe8a",
					"protocolProfileBehavior": {
						"disableBodyPruning": true
					},
					"request": {
						"method": "PUT",
						"header": [],
						"body": {
							"mode": "raw",
							"raw": "    {\r\n        \"id_article\": \"24\",\r\n        \"id_reader\": \"16\",\r\n        \"rating\": \"4\"\r\n    }",
							"options": {
								"raw": {
									"language": "json"
								}
							}
						},
						"url": {
							"raw": "{{url}}{{path_readarts}}",
							"host": [
								"{{url}}{{path_readarts}}"
							]
						}
					},
					"response": []
				},
				{
					"name": "Put - No Válido",
					"id": "03d7761a-3a2e-489b-b13c-72b2f24ac7cf",
					"protocolProfileBehavior": {
						"disableBodyPruning": true
					},
					"request": {
						"method": "PUT",
						"header": [],
						"body": {
							"mode": "raw",
							"raw": "    {\r\n        \"id_article\": \"24\",\r\n        \"id_reader\": \"1\",\r\n        \"rating\": \"5\"\r\n    }",
							"options": {
								"raw": {
									"language": "json"
								}
							}
						},
						"url": {
							"raw": "{{url}}{{path_readarts}}",
							"host": [
								"{{url}}{{path_readarts}}"
							]
						}
					},
					"response": []
				}
			],
			"id": "675bf290-13fa-4321-916c-b64c1b8f6eac"
		},
		{
			"name": "Suscriptions",
			"item": [
				{
					"name": "Post - Válido",
					"id": "92e74d6f-dbde-47d1-8f86-6c02e1673f91",
					"protocolProfileBehavior": {
						"disableBodyPruning": true
					},
					"request": {
						"method": "POST",
						"header": [],
						"body": {
							"mode": "raw",
							"raw": "{\r\n    \"id_reader\":\"20\",\r\n    \"id_newspaper\":\"3\"\r\n}",
							"options": {
								"raw": {
									"language": "json"
								}
							}
						},
						"url": {
							"raw": "{{url}}{{path_suscriptions}}",
							"host": [
								"{{url}}{{path_suscriptions}}"
							]
						}
					},
					"response": []
				},
				{
					"name": "Post - No Válido",
					"id": "4ed1e05c-01fb-47a0-8aba-99d9dc3a7188",
					"protocolProfileBehavior": {
						"disableBodyPruning": true
					},
					"request": {
						"method": "POST",
						"header": [],
						"body": {
							"mode": "raw",
							"raw": "{\r\n    \"id_reader\":\"20\",\r\n    \"id_newspaper\":\"2000\"\r\n}",
							"options": {
								"raw": {
									"language": "json"
								}
							}
						},
						"url": {
							"raw": "{{url}}{{path_suscriptions}}",
							"host": [
								"{{url}}{{path_suscriptions}}"
							]
						}
					},
					"response": []
				},
				{
					"name": "Put - No Válido (fecha de inicio de suscripción no válida)",
					"id": "a297c558-23cd-49d0-b451-28bdfc9781b7",
					"protocolProfileBehavior": {
						"disableBodyPruning": true
					},
					"request": {
						"method": "PUT",
						"header": [],
						"body": {
							"mode": "raw",
							"raw": "{\r\n    \"id_reader\":\"20\",\r\n    \"id_newspaper\":\"2\",\r\n    \"signing_date\":\"2020-12-30\",\r\n    \"cancellation_date\":\"2022-12-30\"\r\n}",
							"options": {
								"raw": {
									"language": "json"
								}
							}
						},
						"url": {
							"raw": "{{url}}{{path_suscriptions}}",
							"host": [
								"{{url}}{{path_suscriptions}}"
							]
						}
					},
					"response": []
				},
				{
					"name": "Put - No Válido (fecha en el futuro)",
					"id": "9cdad2d6-9955-43d3-bbad-3f1d7d539151",
					"protocolProfileBehavior": {
						"disableBodyPruning": true
					},
					"request": {
						"method": "PUT",
						"header": [],
						"body": {
							"mode": "raw",
							"raw": "{\r\n    \"id_reader\":\"20\",\r\n    \"id_newspaper\":\"2\",\r\n    \"signing_date\":\"2022-11-30\",\r\n    \"cancellation_date\":\"2022-11-14\"\r\n}",
							"options": {
								"raw": {
									"language": "json"
								}
							}
						},
						"url": {
							"raw": "{{url}}{{path_suscriptions}}",
							"host": [
								"{{url}}{{path_suscriptions}}"
							]
						}
					},
					"response": []
				},
				{
					"name": "Put - Válido",
					"id": "822a0aa2-7bca-4501-9597-8aebb609a551",
					"protocolProfileBehavior": {
						"disableBodyPruning": true
					},
					"request": {
						"method": "PUT",
						"header": [],
						"body": {
							"mode": "raw",
							"raw": "{\r\n    \"id_reader\":\"20\",\r\n    \"id_newspaper\":\"2\",\r\n    \"signing_date\":\"2022-11-14\",\r\n    \"cancellation_date\":\"2022-11-15\"\r\n}",
							"options": {
								"raw": {
									"language": "json"
								}
							}
						},
						"url": {
							"raw": "{{url}}{{path_suscriptions}}",
							"host": [
								"{{url}}{{path_suscriptions}}"
							]
						}
					},
					"response": []
				}
			],
			"id": "32df566c-5b05-4501-ac60-ff2727689a85"
		},
		{
			"name": "Types",
			"item": [
				{
					"name": "Get All",
					"id": "a54ed171-4df7-4452-a771-87ea553c9447",
					"protocolProfileBehavior": {
						"disableBodyPruning": true
					},
					"request": {
						"method": "GET",
						"header": [],
						"url": {
							"raw": "{{url}}{{path_types}}",
							"host": [
								"{{url}}{{path_types}}"
							]
						}
					},
					"response": []
				}
			],
			"id": "1cad0382-bf06-4865-a348-3401d658c61f"
		},
		{
			"name": "Articles",
			"item": [
				{
					"name": "Get All",
					"id": "9ee44340-87ae-4d38-ad03-613664bfbb60",
					"protocolProfileBehavior": {
						"disableBodyPruning": true
					},
					"request": {
						"method": "GET",
						"header": [],
						"url": {
							"raw": "{{url}}{{path_articles}}",
							"host": [
								"{{url}}{{path_articles}}"
							]
						}
					},
					"response": []
				},
				{
					"name": "Get All por Newspaper - Válido",
					"id": "0f68f8da-db76-470a-86fb-167c5591f4df",
					"protocolProfileBehavior": {
						"disableBodyPruning": true
					},
					"request": {
						"method": "GET",
						"header": [],
						"url": {
							"raw": "{{url}}{{path_articles}}/news/1",
							"host": [
								"{{url}}{{path_articles}}"
							],
							"path": [
								"news",
								"1"
							]
						}
					},
					"response": []
				},
				{
					"name": "Get All por Newspaper - No Válido",
					"id": "7d1ea1ae-c053-401a-b06d-9fca4c5190f8",
					"protocolProfileBehavior": {
						"disableBodyPruning": true
					},
					"request": {
						"method": "GET",
						"header": [],
						"url": {
							"raw": "{{url}}{{path_articles}}/news/200",
							"host": [
								"{{url}}{{path_articles}}"
							],
							"path": [
								"news",
								"200"
							]
						}
					},
					"response": []
				},
				{
					"name": "Get All por Tipo - Válido",
					"id": "25a67625-d76b-4085-b14e-7448a84df11f",
					"protocolProfileBehavior": {
						"disableBodyPruning": true
					},
					"request": {
						"method": "GET",
						"header": [],
						"url": {
							"raw": "{{url}}{{path_articles}}/type/1",
							"host": [
								"{{url}}{{path_articles}}"
							],
							"path": [
								"type",
								"1"
							]
						}
					},
					"response": []
				},
				{
					"name": "Get All por Tipo - No Válido",
					"id": "6f591018-4b7a-41e9-85e6-07f9246bccc5",
					"protocolProfileBehavior": {
						"disableBodyPruning": true
					},
					"request": {
						"method": "GET",
						"header": [],
						"url": {
							"raw": "{{url}}{{path_articles}}/type/100",
							"host": [
								"{{url}}{{path_articles}}"
							],
							"path": [
								"type",
								"100"
							]
						}
					},
					"response": []
				},
				{
					"name": "Get desc y nº de readers por art - Válido",
					"id": "ed74e8f5-a38c-4b32-ba7d-789ffb682f59",
					"protocolProfileBehavior": {
						"disableBodyPruning": true
					},
					"request": {
						"method": "GET",
						"header": [],
						"url": {
							"raw": "{{url}}{{path_articles}}/descandreaders/1",
							"host": [
								"{{url}}{{path_articles}}"
							],
							"path": [
								"descandreaders",
								"1"
							]
						}
					},
					"response": []
				},
				{
					"name": "Get desc y nº de readers por art - No Válido",
					"id": "a8713c21-b6d5-416e-98c8-33818b03da31",
					"protocolProfileBehavior": {
						"disableBodyPruning": true
					},
					"request": {
						"method": "GET",
						"header": [],
						"url": {
							"raw": "{{url}}{{path_articles}}/descandreaders/100",
							"host": [
								"{{url}}{{path_articles}}"
							],
							"path": [
								"descandreaders",
								"100"
							]
						}
					},
					"response": []
				},
				{
					"name": "Get nombre art y news  por tipo - Válido",
					"id": "c9f56b9a-949e-4e2f-ac31-58f98fba6f59",
					"protocolProfileBehavior": {
						"disableBodyPruning": true
					},
					"request": {
						"method": "GET",
						"header": [],
						"url": {
							"raw": "{{url}}{{path_articles}}/nameartandnews/1",
							"host": [
								"{{url}}{{path_articles}}"
							],
							"path": [
								"nameartandnews",
								"1"
							]
						}
					},
					"response": []
				},
				{
					"name": "Add  - Válido",
					"id": "af5ad7b2-a989-4937-8d35-4a4cb71da7bf",
					"protocolProfileBehavior": {
						"disableBodyPruning": true
					},
					"request": {
						"method": "POST",
						"header": [],
						"body": {
							"mode": "raw",
							"raw": "{\r\n    \"name_article\": \"new article\",\r\n    \"description\": \"desc new article\",\r\n    \"id_newspaper\": \"1\",\r\n    \"id_type\": \"3\"\r\n}",
							"options": {
								"raw": {
									"language": "json"
								}
							}
						},
						"url": {
							"raw": "{{url}}{{path_articles}}",
							"host": [
								"{{url}}{{path_articles}}"
							]
						}
					},
					"response": []
				},
				{
					"name": "Add - No Válido (ya existe el artículo en el periódico)",
					"id": "7ab7be62-47d7-408a-8106-c8e92dac3d41",
					"protocolProfileBehavior": {
						"disableBodyPruning": true
					},
					"request": {
						"method": "POST",
						"header": [],
						"body": {
							"mode": "raw",
							"raw": "{\r\n    \"name_article\": \"new article\",\r\n    \"description\": \"desc new article\",\r\n    \"id_newspaper\": \"2\",\r\n    \"id_type\": \"3\"\r\n}",
							"options": {
								"raw": {
									"language": "json"
								}
							}
						},
						"url": {
							"raw": "{{url}}{{path_articles}}",
							"host": [
								"{{url}}{{path_articles}}"
							]
						}
					},
					"response": []
				},
				{
					"name": "Get nombre art y news  por tipo - No Válido",
					"id": "1c5f694f-8e61-4f96-b8e1-361e3f831c38",
					"protocolProfileBehavior": {
						"disableBodyPruning": true
					},
					"request": {
						"method": "GET",
						"header": [],
						"url": {
							"raw": "{{url}}{{path_articles}}/nameartandnews/eee",
							"host": [
								"{{url}}{{path_articles}}"
							],
							"path": [
								"nameartandnews",
								"eee"
							]
						}
					},
					"response": []
				}
			],
			"id": "1adb971f-c600-44b4-8b23-df902627f6d1"
		}
	],
	"event": [
		{
			"listen": "prerequest",
			"script": {
				"id": "e43a9b9e-7a22-4314-989b-98fb6b80166c",
				"type": "text/javascript",
				"exec": [
					""
				]
			}
		},
		{
			"listen": "test",
			"script": {
				"id": "44e6a1dd-be11-456e-96ab-5e0246a4c41a",
				"type": "text/javascript",
				"exec": [
					""
				]
			}
		}
	],
	"variable": [
		{
			"id": "55c7d6a1-18f9-4f1f-98f9-307eaa1e954a",
			"key": "url",
			"value": "http://localhost:8080/miprimerREST-1.0-SNAPSHOT/news",
			"type": "string"
		},
		{
			"id": "269e1e70-9461-4573-b256-3ed7bc7984f8",
			"key": "path_login",
			"value": "/login",
			"type": "string"
		},
		{
			"id": "cce86091-b70d-4440-a03f-9445d3f8b1cd",
			"key": "path_news",
			"value": "/newspapers",
			"type": "string"
		},
		{
			"id": "16ebf9b5-56e1-4df3-b501-10f8353ecc06",
			"key": "path_readers",
			"value": "/readers",
			"type": "string"
		},
		{
			"id": "4aca8ab5-6439-4418-883b-308d4ef057e8",
			"key": "path_readarts",
			"value": "/readarts",
			"type": "string"
		},
		{
			"id": "88931c60-336f-483e-b338-12950abb4c0c",
			"key": "path_suscriptions",
			"value": "/suscripciones",
			"type": "string"
		},
		{
			"id": "b4d56cbc-bd43-4bb4-a3b7-8689d7be56e3",
			"key": "path_types",
			"value": "/types",
			"type": "string"
		},
		{
			"id": "777c258e-e72c-4db6-9af2-f9c662ad43a6",
			"key": "path_articles",
			"value": "/articles",
			"type": "string"
		},
		{
			"id": "99823d96-b4b8-425b-8dc1-e20e94a1030a",
			"key": "nombreTipo",
			"value": "science",
			"type": "string"
		}
	]
}