create table user
(
    name        varchar(10)   not null
        primary key,
    certificate varchar(1000) not null,
    role        varchar(5)    not null,
    check (`role` in ('ADMIN', 'USER'))
);

create table folder
(
    id                 int auto_increment
        primary key,
    name               varchar(20)   not null,
    password           varchar(1000) not null,
    `read_only`        int           not null,
    name_user          varchar(20)   not null,
    is_owner           int           not null,
    original_folder_id int           null,
    constraint folder_pk_unique
        unique (name, name_user),
    constraint folder_user_name_fk
        foreign key (name_user) references user (name)
);

create table message
(
    id              int auto_increment
        primary key,
    message         varchar(10000) not null,
    id_folder       int            not null,
    message_firmado varchar(5000)  null,
    name_user       varchar(20)    not null,
    constraint message_folder_id_fk
        foreign key (id_folder) references folder (id),
    constraint message_user_fk
        foreign key (name_user) references user (name)
);

INSERT INTO TomasMacri_CajaFuerteAsimetrica.user (name, certificate, role) VALUES ('oscaaaaaar', 'MIICkzCCAXugAwIBAgIBATANBgkqhkiG9w0BAQsFADANMQswCQYDVQQDDAJDTjAeFw0yMzAyMDkwMDAwMDBaFw0yNDAyMDkwMDAwMDBaMA0xCzAJBgNVBAMMAkNOMIIBIjANBgkqhkiG9w0BAQEFAAOCAQ8AMIIBCgKCAQEA22fXuM39ANFK9llDwmPeEDIHlJMCBYCVHR6MepCys6lf9aKLSoY2_C5mUylc2J0to-s2fhjzhcQxo2N2UjYtp8fG13jJEH85O4-Bl9yaAgQyjNWqA1Qo9WOYdk-BXYXRWB5-OMCO-QsW1Bo96B0w5UBEf3qSEVLqt4mh-NuDUcCPbBXGlJIyInMtzH40dPc4Y5UmNAVyhNmvWhyM0FSUmLxJK0EM-JpPKCQHziCdgiwWE-8e-8iGhj8brP6255_o_6T1XqR5Uogh7G_SHzoypla-YmRuZITMGbYuuiZRwCQ-RMVCxMLkwugVB07AoFjS81hP_3qo361M8w-wuPov2QIDAQABMA0GCSqGSIb3DQEBCwUAA4IBAQCRXBjNH40E9d1Huht1UCNwx5_sIrdXyVr8JdMVyAC-i8Yq9FUDyFzy_MX2rrlb3T-KYDzQgSzLaDXLUIoxAxi64_Q5mMzm6ho3J6XIbWodGLyb4Vj1f_4dIQx1F9qEIZbLY-OuCQVewN73sUVro_EuBDjmc2lfEN4Q4SRqeeuwsH_kwU1ALHTOXMFKKnajyl4Oo99LSF0rB4_HxHPsUasiuNPyJCg2FXPGMWvLiv0S39i019HSvF0rLhykL42HRTlqtgfD8ezOhlTS5wRIfNIzKWWIllNGpITAgGSqM5P8D3z09vwmq7LlwdpUDBEKOHacfZcHC9ZMXOf-UTWrz2hW', 'USER');
INSERT INTO TomasMacri_CajaFuerteAsimetrica.user (name, certificate, role) VALUES ('pepe', 'MIICkzCCAXugAwIBAgIBATANBgkqhkiG9w0BAQsFADANMQswCQYDVQQDDAJDTjAeFw0yMzAyMDIwMDAwMDBaFw0yNDAyMDIwMDAwMDBaMA0xCzAJBgNVBAMMAkNOMIIBIjANBgkqhkiG9w0BAQEFAAOCAQ8AMIIBCgKCAQEAqeOeFY3vyLSErssFO3M1kIgPA8jb09KmijvzftU3cCdByQ3mkhNSEPt4jyDy16FYuGYixW1hnnmcAR6dDnqik_bRoFUbfqf6j5euKKkC6hjUKUGIMRZDdDaTxY7m0sTPY7hgZUJaWvT1jnO65iDNNUAAh78MxYTlcfqcClVtjUDmh_hRerX5LgWzCvnglgE605yZb3sPO-UjKULBlx58rSJsFywRgOHg8FliuqWzCSlrcd3cWKZoakaV3Heho2vjpO6q5N6Cbpm08gzgL5_RyRuerWX8X0UffAF_9EDI6VtE8N7Mmrw93McVU86_gwYQST3YyY2p5WM88qmdpENgmQIDAQABMA0GCSqGSIb3DQEBCwUAA4IBAQB8RhaaH-Xw2LCWx8zpBVX2jgR36x9taZ4iR-JJGPFkJS1DOSLRLuPzQbr0qBAGzMjVV42KDl9mpbaIKFjiQt0Mt8qt6B5SSQnbnxcSwC8I1S4ciUepFAwwxgnlRXbQ4DwDrCsof2qRYJ5-DVeFDVHs3VwWV2bjeRszGPtaJ_c8CKVXBCrxVHGF2kMAd8n47S9w2KuBPDmGM02FZd5jU9HRQ9dg6PBP-ERscDuvzW-hdpOdJuMUUYj1mHxp8gIw_hjcK6z53kfKLr3RHA8bxTqU6HV8zRE-cfb2siPAUWNiW2dgwlm47qJaP9q9OLCDPvkbPfQfoFK4Dk9vg0_QTG2c', 'USER');
INSERT INTO TomasMacri_CajaFuerteAsimetrica.user (name, certificate, role) VALUES ('root', 'MIICkzCCAXugAwIBAgIBATANBgkqhkiG9w0BAQsFADANMQswCQYDVQQDDAJDTjAeFw0yMzAyMDcwMDAwMDBaFw0yNDAyMDcwMDAwMDBaMA0xCzAJBgNVBAMMAkNOMIIBIjANBgkqhkiG9w0BAQEFAAOCAQ8AMIIBCgKCAQEAvavEqsw6-0Zvi5Wf7-X8ciXaqdX2oa2ACcsQY8iS-RTnStCqp0wCtja4gPMlWl0OFtGFxvMlEO7zHW_Vo2fy3oYLAVhaL8I0SVtA_EwIxbuU2S8sfdOI1sDK_dZ8X5i9nxPcdITkvAvDFTBcGERQ3hh7HNKe0fDe4Mud7WPN-cUwUnlldw4sjg87K7Ii1tIfMqOFLIzW8JsmypOVkiChs6X24Zx6WDOy1Icw_jWvRP69T1R5oDqQ_A1tP3qklUfuP2p-HX3_XGIDqAJcQ4MNUjrp8Q5Sxq2phQEnJAoVgM1TThD2JNiNrFTuiPpdJdYI6BrUrDlH96ijMCwqpUnbYwIDAQABMA0GCSqGSIb3DQEBCwUAA4IBAQAtSbXaT8KOj4yhUE1Fvb5WnAa55EoiZ_YS34_68DPjI2jmemZlL5br-G_LtM97kHii4Otx_vgYtLNxtCNYyZXfjEpFJFXRcemxOPh0OqjW9zl_jtV9-tS3AkbMpj1-ZsfBg1lhZ6h08xj5dSiMPLCaRWHioF0nOjyNL9qgkmBO3cIf00O-de8i78EmGD1ebLrID1sG9qsmfSzzjShb8WzUqyT-aOKhbUtgTr_dY8sdzHHs03WZSAvg_mtD9PHnO4SrKm9c3n_v2Km_A66vm-m2VPUMy7CA4Hd4UvhgaPgk0PTbBJv22eqerTUECbyYK-BZ2BDtYrtJ3Ss9_Z6VIuFa', 'ADMIN');
INSERT INTO TomasMacri_CajaFuerteAsimetrica.user (name, certificate, role) VALUES ('rooto', 'MIICkzCCAXugAwIBAgIBATANBgkqhkiG9w0BAQsFADANMQswCQYDVQQDDAJDTjAeFw0yMzAyMDcwMDAwMDBaFw0yNDAyMDcwMDAwMDBaMA0xCzAJBgNVBAMMAkNOMIIBIjANBgkqhkiG9w0BAQEFAAOCAQ8AMIIBCgKCAQEA7uZD9Q2dnCteyhijRMlv-UOqEwYzcRtz-4IHcfA5DAgLgiCYAttNAjjvb4yhv05-sU3wWudDAYgp1hnKKnmS-4oN0XSK4coa4ZiodJYY6Z3g0GKJxjejVjumETTLwgGK_gNugAWfb__Cp-E-66S-hA9YqyZ1Duh6yM1nYbfdEEqsPZjf5f9y2NpBseDfG8GgXTsO2NRkaeEKrq3YJUCLhiWNF6RRQcNQ_tsgkByA4KhsetNl0BIAIpDjvk1WXxi-ApqJmZYg3ZeOSJtpHGLg4pATNrnQwGz3K4Mx45UlqSFB10fM4I8HRG0-86tf3vumL4fm-At1hYuMBVQouFARUQIDAQABMA0GCSqGSIb3DQEBCwUAA4IBAQAKr7OjhdgRNwEDxBGPrqoUdhLAxN8gO17a9xu6BpRiSVupvMcGRpbmEb1rVg69yqJJDHWnxXqM1N2FDbSJbqjqTfhOQ1MJKW84ARxdW3LbOselI90Y3EQUcofb62fZ1ecNYC2m7r9UsdImpOpcBH_zuXHAt5b_6AsjfB7LyjKxUSkn8pJYKYb8zgoV3ZY6_mVKVRXbJ9s2bPiy2CR21E9t5SHljipCAZJ3fSE-C7ntSd8JeQcdhLaFzA8z6M2Zn3kn8QicXKAm-eTAUiQMGPRlWA0qjYwj3K7hNXFMqjdK78PUUA1EaiXl8wKQpELH5gx5WpJUl0kd2hplWGp3G8Sp', 'USER');
INSERT INTO TomasMacri_CajaFuerteAsimetrica.user (name, certificate, role) VALUES ('tomas', 'MIICkzCCAXugAwIBAgIBATANBgkqhkiG9w0BAQsFADANMQswCQYDVQQDDAJDTjAeFw0yMzAyMDkwMDAwMDBaFw0yNDAyMDkwMDAwMDBaMA0xCzAJBgNVBAMMAkNOMIIBIjANBgkqhkiG9w0BAQEFAAOCAQ8AMIIBCgKCAQEA6_jTqirhid_7lq97mc9GQThaMQTFGe-QUpMLCUAGL9a4ugqS7sA-vbJHU8oSlw2fueLS1mrABHLH3P6R2n_Nebb-g5NpKE1cOlBtjkCdPEB1fT8aZvZGSC7sbQ-RkjJp6Ly4OjvkqYPqf0ZcFzkAHOV876iflFCw7KQ8hLRsVIwWmb2IyR7lYwdD-U-gycXyMPlAuMWM0Ggh_O75qdi-OF7KRD41MsnEW2pVYOS9zE2ybR7IAaZgukMEKq8IvfqqxMTuH4wtzmYrQCDMVnZTFtaqPiBgwOw00ypa0DbSpWoSMLrxK3a9GiX6IBAiXzWlSOcfJNtqiN3kxR2PJi-cywIDAQABMA0GCSqGSIb3DQEBCwUAA4IBAQBURWCfLBbfV8fKExHbKG2IOpYEPq4gTbTxCTRVxGw7A-wBZkOwKl-_zOP1UbZ98n7Iod6mu88Fg7Pm2IqpBgQCOJDMQfcy17BWTLhs8itN44yhY19UDeth3Nz5dBjf2gBosFNoFGLjtNQKCdR7g4gD4CSfyAw9DGf94Z5r_eCVLTshDPjqhK1jX852J4m_SXF0UPS_j1rX7F8xqGTtRdNM1zMUCJExQjogFlIqkqNSxdi-rq9DMljqshDewFkZMfz8C3BEMRr5NRBlquxzC8lHXgD29cSWwVKtoR4GMVJNS2w_hjhu05wUhbeodT8ie2Qor_-gqMcmRSDcs76tEJY2', 'USER');

INSERT INTO TomasMacri_CajaFuerteAsimetrica.folder (id, name, password, `read_only`, name_user, is_owner, original_folder_id) VALUES (2, 'wef', 'NMLQNaQ8LhGSpV-pW4W182iE92S49TJaexOgXrJYpSRIUNaT_wgBvuzyVKr1UaNI0WNqoXAKtB7maSfnaWd7WiVkSu9BJzgTUavd6oAwR3Tp27Y2JjU1HL7TwGxrY7Dmnqejq7WWl5Ff74ye1GujT8bIegtNgWeXbgfzRQhsk-2zZh4-34EJJs82fsse4QkRfvUfj0wts-yMhB8CJxYXyu-tsqKmTcObqB9s_G3oPfXx-QFH8JhtA-LVkT1aG5yQNZyJheXI1B5eQUVGlt7m-6p03ibQCTERsfs3TDlTE2QYMAeHsaqzkAJInhzougUBw3gGo1lxkOUiZNuzn-RsAQ==', 0, 'pepe', 1, null);
INSERT INTO TomasMacri_CajaFuerteAsimetrica.folder (id, name, password, `read_only`, name_user, is_owner, original_folder_id) VALUES (4, 'root', 'k35lx3R7apDryHZlxXFZXoQ4Z4KIN1oq1-0Veuqdx9oIPWARAQvlKNiRmcMQ8BKb0pxI_mgqydZxMQkP7qHbO8x3j0zKTRqi7OTUsU4dYZfl8459uiRNpspBS0OZQ6uGDjIcZbAUq0vzo1c-V0Qmpxxa0bBFnG55eOQ-FMi6GjRIp6Hh1iIwE_6a1DCLm5u18Z-y6Wf8R1dKFmyvsZl-8lOqmA2VJxQW139MIqLjq_GXEyb9_ixK1smx5Lc3wtsUwbcnQKcpYOuLAvSPZCdK9RmwZCrjc78tvwdlG_62-5lRR2bkVz4zla67dcsMo95VpcuGULCdB6e3pMu37PUB1g==', 0, 'root', 1, null);
INSERT INTO TomasMacri_CajaFuerteAsimetrica.folder (id, name, password, `read_only`, name_user, is_owner, original_folder_id) VALUES (6, 'root', 'HJH4KDxJr7ZpUgwGjuIokGNVoxBjzKIPNVjl5p8gD14UM3CdtFcicBBVdLitEx9_BxAZbO21Gl9AAGv2R8kj7Ypc5uEsgypjLQsHY3nRuA5MlP9J9Yac0tbJv2wmjUp1eG9hehCoR0nfsqIpbwyaQu6I_uQ1HLcaSroGBdZ7poyKWDSmDbV_eErNfQJXU-FlcK3BBJc9Q6UERyYlVnvA5arDyd9S7wEl8JQbELZ3wLkaWISRUsZvvx2-XxAgm5wy121eCfKWZYzR6po4IyQv3odI6i8yd7umP57CBLw5kd1AM_DrEMVAloO_y2u2gy37qJGtQTcPdWMyDrAjpIzElA==', 0, 'rooto', 0, 4);
INSERT INTO TomasMacri_CajaFuerteAsimetrica.folder (id, name, password, `read_only`, name_user, is_owner, original_folder_id) VALUES (7, 'Carlos', 'l5JAC5orApfJfPyD6VDDs2f8R1ijX_Ea-m-T-Hcgz0aezpiXlpJ7WuHqYy4Dr3MW6J-w4Er5wHJrJejzC8O2N3m3WKh3Zi22xId8-KIJ5w0b0-K6EMgji-IQm0kt8mEr2zYssu37siHG26y-cJ71BKA8EbEuDanLaKY1TWeOshvsfqcPoc07tjHxBGHBqe2J-hV-nNxdB4O-9Dc36s2Plcg3F7eiKjSYhMpElOs-1D4pvCZ_p6RJSmXDI5q9svXrvjt3tXEff4dQkvOgwg4Kkh38Pj8Iyf0IIiuxIp56HMxFNIXrnevpCChTgcTqoWIUMpBYEnkT4yLaAUCzi5Lb0A==', 1, 'rooto', 1, null);
INSERT INTO TomasMacri_CajaFuerteAsimetrica.folder (id, name, password, `read_only`, name_user, is_owner, original_folder_id) VALUES (9, 'MMM', 'jsrw2ff_UAfvQsX6ujdifYP4kjOrnfeJ7rpgqLu6vBuFOicvF9GNv74XybTUCw-7YAw76ymfanAtmiiVhPrNLfXWT1CPAEygwyZ0VZbsBz3FDpqsux8ixLky_SAMPPxMPWmd1JIiPtSUHSehIUVgkWpqdgWxyRLeeFsek2Bg5Je4DdgTVd7XadiLXdPm5vaqk7vxXuwEUIs5O97geDiaEwTMV-3Tgfrj-PvqmHscjDFEvbtjBjODucHMpcTKzAVQP7-06vJfBps0rtDqFg8aB05mgPNwq3hn31-N7DegngyFnQR9FSYl3RRBKBH8KT_3PyGeUCAmQmhVlP6jCklZ8w==', 1, 'rooto', 1, null);
INSERT INTO TomasMacri_CajaFuerteAsimetrica.folder (id, name, password, `read_only`, name_user, is_owner, original_folder_id) VALUES (17, 'lio', '2aonkKC9HuilS70JgnmnrCHf5nGDzq7d_ad_2e3TkUmDT5S1i03y10EkuQray9vADIC3eurV6FKTUNSfq5ayHzufS7_kXDaKyvA4o6JV3JdSE0RvUUPRQTZWNbed82fPZ1oSRkaNOJil9zn-_si1QDChDuVvLs3tbTg5ffpdOSjKsejoxPmJplxE_pSzh8phoXc23jEdrlf01LuqqSXCKK747cAGlpcyDitX-F8cKPQ7K_pcZgpmnEe6L6qX3PFdkFI_dqZOsCePc-FZizGlo1fi_F4NMcwa_QYlkSa57D8MCQRj7pYjtXmxOnC3W-KeyErAQSJWUksM5SIQxEdCTQ==', 0, 'rooto', 1, null);
INSERT INTO TomasMacri_CajaFuerteAsimetrica.folder (id, name, password, `read_only`, name_user, is_owner, original_folder_id) VALUES (23, 'wef', 'Tx3OlEMtYN6ryjeFWtOmWeMCjAS9T-7dCnmdHHBQBtl7wB5-CW4T3mS6qzFXIHJY5WvhDSW0KsgUhrP7ixDsTRbnvY_cTNUTS8TmQmHH9cY69yQWLgicOW0zaQKbDA7qvHLoLWsRAxUuMK8HbyKO3-m0-PhTq_v0nrCR4QlQVMYd6fo2I6zoMIIgZ2lKhDKoUYKqMRcdsgvhM6P97ileL8vvCM03RzFVOzV7PIyRW5mstEUmdLgsSBcd-1a-P_3Nwa7fx3Emsf5vLDTadHQd5lslbQzjgr1S5fcrzAdd6gijUvTYDRL3eKyQJRwSyhmWD18k0CT_7wa6R-NbVKQfZg==', 0, 'rooto', 1, null);
INSERT INTO TomasMacri_CajaFuerteAsimetrica.folder (id, name, password, `read_only`, name_user, is_owner, original_folder_id) VALUES (25, 'wef', 'WZ89MNqPk1Ytn0X9lo81Ulu9ZxTVfqXV9zN1VY1HdEjy6GrwmC-SecOZAUIQfRt1yiNrp17BNHvdlCgLidO-mzzeNlO_Al36BU8D2KlMN-KA6a_5HeksE0EqjQg858tHU8OVd96yeezRIjl9eKIU1Ri8zDHwtfE9xpD9nnmwkc9cyhGJQzTqnNss4jNKUWRr7cNCypguVLrrnp5bQdgJUteRKWJKlKkHEpsoKu-xfDovnyT9-l_k5ggG5kmgMXd5p2v9TmgV3b9JBzBnzJjKebwDgn8C2NqIXJDghc4Ijfakxui9ZndPf1uX-xzvnOJWBFTEqUSew0HSVjk8OQecPg==', 0, 'root', 0, 2);
INSERT INTO TomasMacri_CajaFuerteAsimetrica.folder (id, name, password, `read_only`, name_user, is_owner, original_folder_id) VALUES (26, 'MMM', 'Omt7DtGcCi7azPet4Y6mwuJ757-5FM-m6H4DhSjSiT0mNn5XYjPuQwj4eYkQaXGt2DNZTHGnRZugx-pdRS7rGQDOYVxg6wEMAM8k6gxtW3y3gVTenQ3R-mqqtBNTLM9wzwT6P38ABWaj6kBRbXtPrGB0yAeUKIfT9HsFwiy5WZK-hZcq_nR6lVGMO-YH_zWZ7CnKw_YOUVXE6rekunV0QyB5Y6N_1JTMszK0Qn3mO3hgCs_PVWVmRJ9Z6ZcA2B6ddXLZGaSH9pRNB3wRbJVJs7qqs9ogIrBIb8Q-V1lnCuauAWR7ZseFvS4U3YUXm4MPTKAaHaCY42qCCHXuZPTLJA==', 1, 'pepe', 0, 9);
INSERT INTO TomasMacri_CajaFuerteAsimetrica.folder (id, name, password, `read_only`, name_user, is_owner, original_folder_id) VALUES (33, 'test3', 'fQy6RmP71J4HaJjkqB5a7-leeuHl222A4WzisLKHUN9HswEYxjHumQYSW3FBgGmrwHjgwgRfx01cX_FFDCt_mzfhUKmFJ7q0CBZAqFT22beT8JPna4_W1h75i5NxlZo8tsOfD6dN5xDRO3Ks2x217H_H1xgRbWLOtRi8fViIZxfY5DGETOaNBtqYD8ZOEC8H-cQw6Jg08alDNtoh6s0ycWwIRHWV3hxYbfC82Mfwpze7P3qNcm-NeXP_B9DRzfp36Y00KdQxffGAEoMYnVYt6Ahjs4K86bZdG-ppQNyty2EqFCcOMz-UovBHpuhBck7BhEGGalXHOasmSTwci9LIVg==', 1, 'pepe', 1, null);
INSERT INTO TomasMacri_CajaFuerteAsimetrica.folder (id, name, password, `read_only`, name_user, is_owner, original_folder_id) VALUES (34, 'test4', 'ZCUa6vtSpLgKkNXhKI-zWHyvt1Og8es_Dh8ISLoivVZr6oC8sOR-2PbrW1GJ7z3xNDxnKsskzap9i1IxhYed0We8KYANBYo65MB85pAV55uQgSdROtOz7DhmG9Q1njt17W-0R_DZohcfoCh6XiWyy6isX_faFFgGMGnufXS257bxa6TLWgx0mFS6cLMwSuVW9jSiHpRwcsGJjw3BblMpyO3j8arP9pFSlsmII5915eiXZUtL4h89Yo0XBr3VC3AbROUas3Kx5OnawxpI1zRDFcLZ9TpKwJj0JUvQQODk7yDvR3aYzkalz92Rhkwg03z7uWVsL0GNHn80V8w-yh6a7Q==', 1, 'pepe', 1, null);
INSERT INTO TomasMacri_CajaFuerteAsimetrica.folder (id, name, password, `read_only`, name_user, is_owner, original_folder_id) VALUES (35, 'test4', 'YgXd72DXeyS11jgtF2mthaZCKhYy1azVPL2pnrcdQsH6sCYbWWe8KuidYkyJtKS81wyLqADng-E8J0XCL5XCL3WyjHwb6QFBz3NHasT-a5YutBA2Zxvd-n_HoEyKk-wnXU-2wD42ZQQGe3tWpkn7LPINGODrzaYsz9kcRbFGWqpJvStdX3Xjzdhhdltbz4mBaZu6u6v91wd930-nMRf15wndp52QP411Kr0foGQwdGKh16gNKem03r77QeFjTL5GXm9pPYxVgCn64OGb4ALWzPz7P73wYO2IgKj9H2UbjLm2Qs-4BSZ6XS0h17fuSgF_14YH8ZorapiY5IPfX37LaA==', 1, 'rooto', 0, 34);
INSERT INTO TomasMacri_CajaFuerteAsimetrica.folder (id, name, password, `read_only`, name_user, is_owner, original_folder_id) VALUES (36, 'lio', 'IWe266yJglHMqM2Nkq-4bJ6YcF77dceqRUVktrxMS-YDwT2DVM2DeTfy1qEBgFhbflPxBfMNRMs-yhlVg2E3tE426so-AVOIMle4X3gc3nGfQMzIvOw_mdDhUo34YKYiiH3gpzX8w3I0XdFlNw-mi6RrV7lj-IOsZCFV9xhhbq7yfDOvQu3FT34XZ2wfxEDQ562cE59F6QzfLvBqeClhiEmH4Zb1I5QnQQhFvOPGc6QrXgMaLRm6N7ySy0LWdcV-aN-fWqYT6zV361zHUV8g-swsFDwcsFqeAA3iuX4OF0up626e_m8iNcvy-Qblnp86ewQalIHEWA6-BhAB0cd5YQ==', 0, 'pepe', 0, 17);
INSERT INTO TomasMacri_CajaFuerteAsimetrica.folder (id, name, password, `read_only`, name_user, is_owner, original_folder_id) VALUES (41, 'mia', 'FLwONLF4pJ2yk5OgKOCB45zRerf5vfUGlhcZrqNgmejvFsof9RBDK69EgIH_svwexcTr8yQqK7B-Vr7C1WZd9gqeMGwWR1knGCG5oSNes7EjOXaoDnDksC1EHG00HlxzdbyC1viMMdoLqdDuE1OwFYgS5YAkwv3sxIOlQFoMiHAwOIiYj4RfzB_1j0lcvGRAxeCce31WRhFCxR4i6smTeIaihUnd9EfojTAWW4DW_v9PDRVxWoS507rrxDgXAW6Niz5duhPOUeThkAlpGrNzO0deo08CKMQzfoxI-OlPGgJbXbQcOtMmIb8ioV7t2kfHURlY3Cp4w2UJRX63lWlQIQ==', 0, 'root', 1, null);
INSERT INTO TomasMacri_CajaFuerteAsimetrica.folder (id, name, password, `read_only`, name_user, is_owner, original_folder_id) VALUES (42, 'mia', 'E1L8i0luGTXDKG5c_Pe9cIVfmBKUBzE9kx27POK4h6AtO6pOqRmnSkrgW9BoA55pPP5JAb3zcECWa_9pyJmvQOIrtKgGpg97TAlDjN1BFP9Q3V67Tj2mgtH1JGaMNlPxp22NLNCWwg2BrVJpYRp_I3sJ8kOhfc_GoTIIJ7PKN5vA-HIcU3_uSnAr_PW2jzb_DsTIa6ooYBY1YEZ-9QStRHiy8_5CkdZgDxTAPhMvkvh9W-IlWaGFtjQbyqGVMGkRcUBEH4jm2nfklvWd4COZmSAjfdkrlSUU3tbEqeJ-ZZ3xAtrZcL6NsWfrpw9EcoXo8PCQNLq_vlWkdRYTMvQbLA==', 0, 'rooto', 0, 41);
INSERT INTO TomasMacri_CajaFuerteAsimetrica.folder (id, name, password, `read_only`, name_user, is_owner, original_folder_id) VALUES (44, 'para oscar', 'gla8tKlLjCA9upRk2tBiTRdCtc5TvTRcjdDzKEH4LuNbMzDMu97SrEhfQOIx1HuPdIdDiYmvNDWkimVil0XbIxlgPDNec_krC3nFNaYcYhvgfPYOI_fjLgUhviPgNY6LDLGRZ92_1MPTwOAy9NB51RF1hG86WissZ42MSn0EamsDLRIG8Oom4Zufx-cod97ztKtI-YX58ni88Flc7AJx_go25B0AVsjLPspvujrF3uuQh4l5lkq9hopmNMPDP-eQqrBDL6oRPmG4_fhW67hwQZ6dAmJw9UasKTa70T4B15Kg3ecn7UHbwDSIyR4v2DLceXXvx5TtNA-SBndUdfCDJw==', 1, 'tomas', 1, null);
INSERT INTO TomasMacri_CajaFuerteAsimetrica.folder (id, name, password, `read_only`, name_user, is_owner, original_folder_id) VALUES (45, 'para oscar', 'tqaDFfGJNMc8BfpcQDb609JrYOCtvT0je2nWsib0mHn8FyZLNqWB2lY3_4-jr-1kROlqtjTXLfSiv_Brum7dyov3xhp88VGqoBs7IUioF-MMt5ZC4jpbwsLEu1HbK1sOsnO-77ayhNQtjGL3MqFT3BKu1vTADzzYhoV5yUM1JMLEz-QdtsU_DdnDtYiHnD_4QL2TFVfSLjIFCNiBoWvy4FGVdYPd3FKr8TH9RqiB2-vKiCrhOUQOikXtEbu2G2zwnkevK3Pgh6ufQ2iZme_4ULoiROODEWnBBY6M3_8OAcU9byyHTR15FYLwusiXlXETVNKQ0VnNKamFw3k_1UwC-Q==', 1, 'root', 0, 44);
INSERT INTO TomasMacri_CajaFuerteAsimetrica.folder (id, name, password, `read_only`, name_user, is_owner, original_folder_id) VALUES (46, 'para oscar', 'xzpy9uKy7rj2D0qqpx1hLXm4LxOoZpaNY896N3Xfg8kD1byYKpAWT8K23XLDFOteYwxKs14gcR_NAUb_D0OeOFsPlAoMxoGkpzkgVTsaxRt0vnCLZfAaA1ubNaeuePopInbuRT-2Cn0n2l-cmgksbb_VfU32aAqlODZMPh6gCJvYwiUTsq_aklrhZWAJDGpv7a5eeIm_Pt7rKw_CIds4MoA-CB0i9BT2hDWwh1p-DB1-_c06ji-lRhvB-CSTgL-hIkzzFqfh4LgvQx1D0RS3dBvHF2aIpfxX5hJCsqoWgDrKnZXKzYuZEy9fn0JE-BDB9yfwce1BNlmqkBfuBO6DNw==', 1, 'rooto', 0, 44);
INSERT INTO TomasMacri_CajaFuerteAsimetrica.folder (id, name, password, `read_only`, name_user, is_owner, original_folder_id) VALUES (47, 'para oscar', 'Fw-6Z8lYT0CaLitWmHpJykooil_0Z8GrrxYvEnXuVoQ4VW3T4MmnTsB0ekGZ5h0O5Kzrcqlk0vanSkVk4ziVQeWQGdZYbYUjdidti20xx5L7LhdjT3zbEmaV1U3MnmbhJEQ4LVHIvRo9kG8Qo2hM43tJ1cMqwZSN7IimVnEXW59RZRHVq_9pPKl2_Vs-uXlldzDKOgrOl9QVImRqDkk7nxYDjqqj2qObJDJLbftZbDHLdkYxgaus42gdijpgDeIpE-aIh3xGWk_l9PRA7V6zpLB3l6b3SZNxOOA4nMUpZ89wJsTN0woy4vxXz7KeedqQ4Rq1V4XYJvVBRy8UesP2jA==', 1, 'pepe', 0, 44);
INSERT INTO TomasMacri_CajaFuerteAsimetrica.folder (id, name, password, `read_only`, name_user, is_owner, original_folder_id) VALUES (48, 'para oscar', 'Or0ZWZxvdpchGHCWbclxUIOKeblUNpQuqbZyUFdYF_wAvkivpKaT7QBFEfe4uxPQ8lHRD3wer9O_4YJ5k-nCRk-dlLjwi2omRBUWDkCxuR-oKmSHPfMV0FQQiQWVNcfSJ16zDG974nlaKeQ3cJ6jPPwteFUbPRtkQ3gtBP02uRQpApokt7So1gUTjpX5mS4vRQUHq-EUJaQBiXegAr2iE1EJuG81kFXfyGbsFat8cue4TupBWiI-729qXWDh8ZQKpas5zcXBCDoxRkU7F8TFxKng_eCopb2cqaeti6UcsSeSsCjPAJFrnIcVBGaOUK8lBFLheZladEeM2u2qIJtiqA==', 1, 'oscaaaaaar', 0, 44);

INSERT INTO TomasMacri_CajaFuerteAsimetrica.message (id, message, id_folder, message_firmado, name_user) VALUES (1, '5hRSWyliPVupxtcXBVB4p87IHGtdThwTiuB4vMj7GGQ2b5Tbmd0vl4Mz3ekbfy0nkWC6YQ==', 2, 'e', 'root');
INSERT INTO TomasMacri_CajaFuerteAsimetrica.message (id, message, id_folder, message_firmado, name_user) VALUES (3, 'tl4w3dXcLspkuEn5UwV8KjHOIBRbjh8zppI9BR6tt-txAI-0CpqV9WDKy6eCl8fqPmNo', 2, 'e', 'root');
INSERT INTO TomasMacri_CajaFuerteAsimetrica.message (id, message, id_folder, message_firmado, name_user) VALUES (4, 'Y4TsdE_Ho4IN1xVqNmHiQziW7bee4trulzVPjAuCF89urLxsOEkGpQQkleWiCVo4AIfqaUux', 4, 'e', 'rooto');
INSERT INTO TomasMacri_CajaFuerteAsimetrica.message (id, message, id_folder, message_firmado, name_user) VALUES (5, 'BQC9J831q4TX8qrHBSqI7sHi-6vDCsyFvpn7HUHFRxkIqGvw6nYVLgMeVaSqzTrGM5lwY_y45k7C', 4, 'e', 'rooto');
INSERT INTO TomasMacri_CajaFuerteAsimetrica.message (id, message, id_folder, message_firmado, name_user) VALUES (6, '5F8s53WJ71878jjRaxKnvmnzhNZHnPSXZaaIvD17KXEwqgccy16D1GewFx7lSFeuBQ==', 7, 'e', 'rooto');
INSERT INTO TomasMacri_CajaFuerteAsimetrica.message (id, message, id_folder, message_firmado, name_user) VALUES (8, 'pU1--Rag8H1-hqvWQ7WhBRaWwezNiSeVvtq5LrQF1cKM8_dbTFdvcUSB8c2KgwW-', 4, 'e', 'rooto');
INSERT INTO TomasMacri_CajaFuerteAsimetrica.message (id, message, id_folder, message_firmado, name_user) VALUES (9, 'dLfBGU-BsW5j9nAlJ1vxZlihmFWr36xV4Pw7VNpZyB4-zwWzi9tw7aOBe6CHOxcU1rQ=', 4, 'e', 'rooto');
INSERT INTO TomasMacri_CajaFuerteAsimetrica.message (id, message, id_folder, message_firmado, name_user) VALUES (10, 'Ya8QVZKQDJpv_328qGtXVjjxvgdDYPNWYzQG61rFrI7P5M980-GZskhuxYc_sfe1', 4, 'e', 'root');
INSERT INTO TomasMacri_CajaFuerteAsimetrica.message (id, message, id_folder, message_firmado, name_user) VALUES (11, 'CQyAqad5FB6fvOqGCRc-LMGAOrNoGIY4excOfwSvLV45Tt-gX3qlXLJRCqO1r_Nu4w==', 23, 'e', 'root');
INSERT INTO TomasMacri_CajaFuerteAsimetrica.message (id, message, id_folder, message_firmado, name_user) VALUES (12, 'oN2bs92rn7ry3LCnYSSQjR1hX7WCzYeLoOmttFFi2t0_xmApJjEd7MAzHQRb8io=', 23, 'e', 'root');
INSERT INTO TomasMacri_CajaFuerteAsimetrica.message (id, message, id_folder, message_firmado, name_user) VALUES (13, 'zwER8z6TtmctrzQXjdG6bc85CtW9BdHT6SF9yzhP5J5PNVhGH0MCqaNZT2ftk2Q=', 4, 'e', 'rooto');
INSERT INTO TomasMacri_CajaFuerteAsimetrica.message (id, message, id_folder, message_firmado, name_user) VALUES (14, 'R5uRtRmsWjLve7UdUwgUlez3chVabcDoDJ2vYsQ47dEijf6h5H1Y2OtvZHVWGZAy-5ZaHeHN', 4, 'e', 'rooto');
INSERT INTO TomasMacri_CajaFuerteAsimetrica.message (id, message, id_folder, message_firmado, name_user) VALUES (15, '07DMVdzHB8RBmcQSiFAy327vOJrn9AZ6LezfCoBEudXPTmsB5hqyfW8IJ4KT8jnfMUFosQ==', 9, 'e', 'root');
INSERT INTO TomasMacri_CajaFuerteAsimetrica.message (id, message, id_folder, message_firmado, name_user) VALUES (16, 'iX1zfI7koW15KCCdGF3agjMle9S8aQHEHzz5xENeQQr583MHx6LE8sUaoLHX7gNs', 2, 'e', 'root');
INSERT INTO TomasMacri_CajaFuerteAsimetrica.message (id, message, id_folder, message_firmado, name_user) VALUES (17, 'zd9XTFIEKEdNh0zjw6rz4uTaTG1b8b3dwMRpNUHGmiZSYeHCzg_w4uDGsBeef1UaX34=', 23, 'e', 'root');
INSERT INTO TomasMacri_CajaFuerteAsimetrica.message (id, message, id_folder, message_firmado, name_user) VALUES (18, '4a2dDJQ0CvOJORJEcTDG8RVMFbvJQaduMjMPR66TEopr7hCr2EKa6HvGTjtod8q9', 23, 'e', 'root');
INSERT INTO TomasMacri_CajaFuerteAsimetrica.message (id, message, id_folder, message_firmado, name_user) VALUES (19, '5kbu8o7XffALomdLiugdbrpK-xUcOceJJLv7Ouvl7AIQVBbcMLVYSKed4wHZ3Xst18uOWP2XBQ==', 34, 'e', 'root');
INSERT INTO TomasMacri_CajaFuerteAsimetrica.message (id, message, id_folder, message_firmado, name_user) VALUES (20, 'J33bYKAZCkLHAlvWRF5x5ZXvrMnNxQXN-2DTuBL3chNGJddsMuWli39qw1XkrtAoprozgPN7Nw==', 9, 'e', 'rooto');
INSERT INTO TomasMacri_CajaFuerteAsimetrica.message (id, message, id_folder, message_firmado, name_user) VALUES (21, 'zmsdr0GQUhqFM0jSz6nkE6vVfPcCZOTkLZlJa_ariYoFPz5Ke22mtj5mNykVnf5QtXJC', 9, 'S0SGZiU64cJpXGd3NkQyVvk8o4VmMxSj-rrDjCSoLPoDks3kxDexc73ZSIie3_I5NK5Yg7bgln6hGjSzOiZYSnLsrBp8w_BZbrujqE6UXlXqg9FrsMYpjXR9a-A9YSrV-u1O648V64s5QCvK884X9JejnK7VTXQ5kBWp9T0N_959TiUvwnIflQysGYNwP_W_qsh7MUI1BgK5Cu9AcQNxaQ9HTBB1Zfb1zMzWpmCuoEddYX9sSKVNrcGRILd3zIOLh2BUFT2oMIv-7s-ydkNte2tTC2AsIjOVQeHo6MpRZ_9ao9YYMfn4FQeqVV-JhYfIEIYgJWRmegBB9uwUfI8oDA==', 'rooto');
INSERT INTO TomasMacri_CajaFuerteAsimetrica.message (id, message, id_folder, message_firmado, name_user) VALUES (22, 'bPGH8N3DqeYqf9MqiAmkflGRBJm_Q3uTMUXhMMma9f4dFGDPact-EpScTtrkHZkbwMqaDSBelvvc6znEass=', 17, 'P80O1P3H3AmxaWGDFqle6lk7DCLLJ0y-JFQfl-6lDEVdJwHK0np6PMgMnN1Lh4DHCjPVagkXTiatiOReqlodDwut1Pqoi5Ff2WdMEmbzDdWKKLn1AK1eF1u32lz5GWxZpcO-_sNdNB_VuUFqRjbXBg7Ok4sOCHhzTy1W59bdCZvU7iGTEi_McY9PUCwonXmVNMjYo7PDNx9B3NVRqDXd-eoEgaZ9ahNpt5dqBCvq_f2kxAkYHINROxZTRzyIMYWHPG4a8zXzI9XC7trx_fx7AcIY1Ah_uQLOnDhV9D0dE_qOG9fOzDiLE6grrlD0pyf-fSn8DpTrlc9DR3cuj77yoA==', 'pepe');
INSERT INTO TomasMacri_CajaFuerteAsimetrica.message (id, message, id_folder, message_firmado, name_user) VALUES (25, 'Hu2ksXK4s23YsapfZwQLw1Z8cHjTGH5SrZ2KuA5Mh-gvD6cSkioSRZ4PBgTFelq8NTcBqG0E1ORkis-JU8qnT7UxXxyWq04=', 17, 'LcoFtrB7zExuD6xBn-Dya7Vl30CYGu3FVKULLAkIGOXBIXNW1VCpZqvXVFqbPQguO5YNB0uipFTjSyynpCdAkfA4z9dU7gPhBI6Nn-MDUvnUvttAa1hPZlMABDa_ErwD3noXnguxFOBXPTknt-_ApuObTSiahMYgYI0AhFzBp6y7sx8V4ja8mo4pFnBuSoLfeXZQQxLISaguBzpqZGhea3yKqzHbs6j2P7VfQwrRCliUtGRTugfZTvMeQtWpQiLPo1VBLwUP3E1aNRecN2hwDh8dgnVG-dBsIrheRWJ-3pJJaI3KQmdx19DhH9FFwz1cZv_02i9eGPS9egXU2Yq2RQ==', 'pepe');
INSERT INTO TomasMacri_CajaFuerteAsimetrica.message (id, message, id_folder, message_firmado, name_user) VALUES (27, 'Ma4Tvxu6evCga974Drx0TBhteTFCR1OYruJIdk1U7XdK7zxjuYdRgeiRxARlG278Xz6EPZTJzW6VFIPzFZPzQfAQjHqgj5WbQutGwFI=', 34, 'b1mip4Vh1ypjophGuuqGd8oT9IrYFBqNsi6dJHYpVpwkEQye9R73taTGVXv2K1mLTrX2Rb0ntX4oNExwx4SRPy3lIydLDhxKYGk4qvLxoVSuKT2DkIKU-8bH24ln6M_kEorQpc4mSdOjNeFeKE9NxfAQF3d87-j0n7rx0OWS6e8X3IE77ELVlz3IKrggAAbTQnRe0Z2O_i1DS51fuL3x5XsjqcfICRckUj_0LrSxM6XnjhERgcWcOT-blqrkGIV2qC9q8aHCltAr6IcSaZrC8AWIeeaCR_acmpZKehTRqRjyBfIWOa497GN45oEdPQo7v6i9LYcO9k9Lsh6axEoW_w==', 'rooto');
INSERT INTO TomasMacri_CajaFuerteAsimetrica.message (id, message, id_folder, message_firmado, name_user) VALUES (29, 'Nx2dJG0sTF1-HQT8MusKkRthTDY-_jQV2uEAA3SUqyWJyXp_iZAfDoK_7rYQHJrDi0meeyL7RyA=', 41, 'D_d8KaYaOFYKL0y1n1xpec9MzUUv03OmQbngsf_98M08MfRsZPw8fWMuzZs_WRAozBgGsjpFU0546Fn8h2dbNSdXNxIlG0b7OBuVlgS9aApXzuAZDggCAp0WM1acIz5f-zJj0JVFhTmB1rRxpaktN6JQrXmjPYOFXNJNi_VFnfoeLZpAUtMVKDKl--8JG0tFwdKRDzfF1833d-KiX5cNHrbHgrlm3Jvh665TVbJh_fHKd2NMOejlDDn730nKe4VFy7VzUPFUK9QpRy-o7LvUFyLOX0lY5WpztsJsFhx3-r-73HM-BP4kpZt-Pic7CY2XrcN-yg6NB-UpR1qiWddpDQ==', 'root');
INSERT INTO TomasMacri_CajaFuerteAsimetrica.message (id, message, id_folder, message_firmado, name_user) VALUES (30, 'YSMizp4lPCQImt-X0i7x7WXBusGTbJQVkOpurFuUgqn-oEFnv-foYMQi-c0GhjRLYO05kkc=', 41, 'Xx74wMeDkHfFVHjg02hGucl7K7rc7PJXQSGhQnP5AngoAV1dhyTBG1lupCz41VgAkNzkwGSI_LMcxAOsHGsqDgdkQU9NAWpyh9MHLO-Yi6kVcnCBs6p9J2dfTw2Y5cYiYjf72osGnAx7bj9mNmrMxw0gqICkElmR83nEbZLSZm_K-dLCplREcgaX6wtmJiS88-rAr4ENnoccNg1BFzA6-hC2i8As9g9QpzX0EwgLn2nVs6y-zK3KW5Fg7Q3u9N_qlN-ppUK95Jh5Vafxwymu2uHXijBHo4slt0iBaYusrmcs1Wz5K__ajYxUDOdcxMnq0xHKc4qnJAm7a3MpoKQ5Qw==', 'root');
INSERT INTO TomasMacri_CajaFuerteAsimetrica.message (id, message, id_folder, message_firmado, name_user) VALUES (31, '_zsC8FciDqC00pyerzelSz9tZ64kKEFEl7C7HkDAwhr2RteTG9zcK9BXkIczPq9enog5FNk=', 41, 'Hm8c2jTxcQtyiAaQXCInM5BEzYbP_fSqz2WPGAQQFxxqNIiriRRKax2rmXItc14wj38JjGFMcr70Qvjjnzpgv-wFUqzMaHd-VB-7GeL8sxIiGjmgeg25ZhXfmM6aZcmnKMatO1cEtookqj35UsRdnylJ49ZhxGs6_9iZFjTZD3zHpkEjzMA5anEsVGC47FgBKu8hD8-SjqV-npXvQa5a4M0yNoSzHCjnDhmtY0y3yu8YpbZ1UsQyZ-lCxPNRJLFguUNkjBDKDjRrQ1vOq3M-XL0Ir40JSVPZbxRiKxj6hqa33UBgCOZHMHeUaVQb1epwwoR6Asqx5ZY6Qnsm61YOjA==', 'rooto');
INSERT INTO TomasMacri_CajaFuerteAsimetrica.message (id, message, id_folder, message_firmado, name_user) VALUES (33, 'FPrO26nfCkB-lkqooPIFwrTp5NPl_Rg3lEJwXUXh_7neWQpXmkXJrRJnfT6XhHhP_1SPxvnKsu9ENOA=', 41, 'DO7xLWnNTO2lS6uB0MeiUNO--owhRMgqAdY-5d5E6NktA22Ror-nN4Gxp4D-SqWQZb_dceBuz-mdvRN2B3x33uSxvOVUzlQHxn_rmtfHkxFbZgTFYZThXYOMjc6oQs_Y2HdVY1MOd7YKJEuUDYhchru308rwtV9LjpiIOgPoMuvnzbYGDcJkUEFuZnUi3xrItGyldN_ClcGRfBH7DMtHYlK0v9iUixuDZ7rjbttYlrGzG9Kk3LFnN7mT9QgAxRb1hPFp3Dr3i18oxdPOKS3Z6QGMX0IlEYCjuR0LrORxMLNd6_eVn_mV0lGs-9UmHrR103D6dWnSqTBrCuIKw29YcQ==', 'rooto');
INSERT INTO TomasMacri_CajaFuerteAsimetrica.message (id, message, id_folder, message_firmado, name_user) VALUES (45, '9Cd6DX49ef6wgJ4YDV-fdLvWfjasT0hYW-0sBgvvuuuoAmxPantIzl9PvmQNr7Y=', 34, 'Jg1aOPl0RbIjacYjfZdwhKECMcEJ0yXNnUG03QjTX1PgYmvPyiuOEx16UyNn_9eimAi2LtYcPiFmoKcRc5w3w2YB9RKJdz4l1nmmF0s_sXSHFUxpP_C1-g4Xx6EJTskMB-TQOaepQoWuoGsK8H1kbnmOQQYXUXATKmZrvqo9uvjZre0Bm7kfZotAj6E9RInrbUXQNs_z-SAPAq87Ev-L2myPWr0crr6xMMz4RwNjPHVBJy8dGS4YXZhrr_TG3S4zVwlOM9puI39TF67GtlasoOAQsfojPnCumh4PrpGq9DkDGgKmc9DBJmMJvKcMsjaWf1RKEnhBv_1ITICQsqpkTQ==', 'rooto');
INSERT INTO TomasMacri_CajaFuerteAsimetrica.message (id, message, id_folder, message_firmado, name_user) VALUES (49, 'VHeWqNBpCMtWG6542plebLvhbhDkur7juduGkSfJiT_oknVDqbdXdlU5M0M6WdCSkQ==', 44, '0rolDltUS_Q1XCXeja3h_P7BdDOcS8mDZauR6zZjyUYMwYKhmSX9S0Xj2Kh6h00LssNaaPjvYyFvkHtO80BB6GOSbQAc5IsgU6eZIR1enccuuNFGvZjbuh4iZsiJ6zO4bL_He65uht7MxJWj0s-mksSBr_o9lH8nT3cShnENvnduOV5WF3YMhkF-TkzRT-BtJUM-I8-AuC3Wc93jdxBiWg4JhEUTCSosUeLbRlPBj_mcR3c0PDlakfzSi_8-4Sgj0Z6j82cpZRQI__V_8Lg0ImCLU9ujW3oxc1fjT52cH3mBKXeRYCh8Vjlo9PYYV9avV2j9lUGgldQQBYHAwkG8MQ==', 'tomas');
INSERT INTO TomasMacri_CajaFuerteAsimetrica.message (id, message, id_folder, message_firmado, name_user) VALUES (50, 'GrO6gSqHwVGGEtEARV3W_6l1pSRpoDHE79yP1aitTUSiKBKfqbd9hmmWF7XqaA==', 44, 'g02hr7UgtIgxZ4HeOzU6NeydivOJ2lIYwpoREojyNI_E2jxDxq2hwaqxuZqboxfkFeXURU9Fm3S6DO5ymJ8bCmJ6kd6MA6keHVd5tHFV4YSP_mRdoaWzugDUAHqp2BRRRmvmlzVsEslCUmUhbX3FEzbR7BNVCZddvHm4psjqEZ2zGKap_8EyNZlkvPV5DFJkIIiJR85zOPqawApJ9MeNsgERgZQX2nVEUDsi3LLxVMY7AVaur-EhfAh9Df3YaUGItOjkQ1FDgG_KxxHMjf0kJiLTy2SVIATeA0dEazhoVGsTCF8ALzfmBCVP0Xcr2DgaydixOSwi7QwZIXt5Ng9ktQ==', 'tomas');
INSERT INTO TomasMacri_CajaFuerteAsimetrica.message (id, message, id_folder, message_firmado, name_user) VALUES (51, 'AxX2iR3895Zr8QYFE7tHTipH8mzPjYSoBzm9LZQAyvDMF06QJWCtfvRhUl2qkw==', 44, 'r7I1C-ZqcrT6s3n3R8_zwbqvuqFxfTDN8IMtZdWlwtIDrTFNdLi5oqB1fQcL4jCOul1oESCSDN_6v4bGdLBbaydGD26JGBb6jqLvz5nMacVp9LzllZoA5xY3leTW1dRl3M6hwXN8HiIyUU9N8fvD9F5reZeeKi-d7rzub6zEEyRFREkp-heYPaZORygd9-eLDeOnpf_ZgTuQAJDoSrk03qnvC8LVAs2lGX-z5ztmYnsT4CXoMJo1wD3JA_XjT6iE8ZJQ4B1_I5f1jphYTnJytcahksx-eqo2a35pznqv3cdg28pDwMfTaEqxaIVFosN08O4oqrZDfP0CnpANWIfLig==', 'tomas');
INSERT INTO TomasMacri_CajaFuerteAsimetrica.message (id, message, id_folder, message_firmado, name_user) VALUES (52, 'RHuu481yqGpmVjGDrVMu6WfT9k9H510rL7m2xlSup4C6_gyb1HlknzhcunacPeGl-Q==', 44, 'YdCi_tfr6VO5ogL21o9moEmWXPdRkZRxvSukYXs2Jvy_m2Xc4UlEYMvpYucm4mi4HTudznL0eiBesCEmVBwpflFA38DV0op9ExqfUyxt39e24x7A7zgGLaOEzKzM3es4aNSqPQAZo9ZB4pDrL68lwmCgL4WTx-RcouosMdumiYH1X14rT6ZUOSKLYl8km_hPruTmc2YwN_iO_iMIc3e-YlD0rYV4femFelgAxqFm0VgcMOoM8wW4ookaKqEzlO9kvgZCuDxciB_aqDtiMtvSX8Dvq22BpPtT4bLHc-BJrTi7RFi6-qrBi5yZekNhwaW60jJ_ueOjlerrjXpSVEsd_A==', 'tomas');
INSERT INTO TomasMacri_CajaFuerteAsimetrica.message (id, message, id_folder, message_firmado, name_user) VALUES (53, 'BJ5EUI7N2rX_Wnjjm91FO-dpAvqSIqZdlOb4HfpdQAQAqKgsdfDDnpCDc9803w==', 44, 'xGS19S-at08TCcRUEREyr3vroZ3X3966Wu_yOwGPDEodN9HnlmfKMKNZhlu4My_jd0e3HgXsDY9FPLQ-wR6pzwYVLUHmtQuKHglRSelFIkdyrXcgapMSXqesfkcOdl8nAi315hfWBfGsyb_qoUVnYQGHuaFgq2I9djo49pwLrbVtYwZOPvRNPVk3zPavYhIKVY6OITjhnx4J6oyWyf_bflu97-AlgEpJnI7_SP1N0gRx6-S8jHAnT-ZIClx84Gi8rnv417bSYTT7otj2rlRhppvfe6B47pO83hbFc6Yn6mPMEiu2jlq_CesqU6uDdXzis6XMAFnyDjSbPwPVWHKxBg==', 'tomas');
INSERT INTO TomasMacri_CajaFuerteAsimetrica.message (id, message, id_folder, message_firmado, name_user) VALUES (54, 'DXcVM9dGuc3hCB6_6-mmY0oWZAA6IPU9KbJL_YqtXejaPUVSdUPpgLjqlG4vOQ==', 44, '1-aysrPDXBUzHQ14oltujeKeCyhfW7L4TD7cXVUijiP7FltsLIvie40MrkpOSduFvMbWXXH9XZXr-tF9zIEg1b_PG1VNw_97mXPxM0N1n-EVRl9JMYIMJ3sRzuM2vkYk_WPpjKcaOb9-rLFNwEcBZaF5I8Lc4Wrw_4mUN4bRWJ8zKwyUEUDGbtvp67UqQruhFQYD2LDs71hBM9awT8eCrJx2ro0iXr-TGnJj8BByKGHee0LNMcOvJr1LN81Bo3PT_4rougZnVyZzNCeeNNZz25u9QsvLp_yUYqyR1MWy-wRtwg3rgq3eCnagHURTjJDBApoAAlLiXK4uIHg-8Kq8wg==', 'tomas');
INSERT INTO TomasMacri_CajaFuerteAsimetrica.message (id, message, id_folder, message_firmado, name_user) VALUES (55, 'CBizmWT90RPe5wEOodLGIrx9LekO1RmGL4LltSFZmv0w9h3I9FTW3W2TWDI20px23Tll8w==', 44, '2U9vmZzZj0L1eyf7qQBbWiapM98hYfQyegZOPNBLh1DdcSv-2SmMMQmKYUCmpCUFU2cvTVoEpTwglFbuD1UurCS4q0nM6P_WW6KW5YzOG7E92GwaCVBAv2qmmDhUblrlL_WzyVELXMJFPmzOdUq9EzpoxghbcLPR0Y4EppUoQa3WnyMH7HGsybm9ho8GCTMwy1EK9SG3W6CQ1otfipcfH-D2g5DxUEUN_w445ctcLqrUFK2CIO_InGw9DActag7VdOhjPH1qVPuNOkGSUe2R2z7_LOg6sBOaklLsrjg446XXBbMfewuOHQMOhtG61W0ee-9aWINxynzxsPJtyHwV4g==', 'tomas');
INSERT INTO TomasMacri_CajaFuerteAsimetrica.message (id, message, id_folder, message_firmado, name_user) VALUES (56, '3tueUv8qONAQvkctuj3htX2h_1QVtg_kN3681-k-duqgiDI_hI1EGzZqYUWiAjqgjXd_SXPOVojJ5t3qhrTWlXXyqomyV62KcCZ36DOKuvYfHpC3E8506_u4wk3PfIKBECGR4owI0sTFcSDZZMrbQ0JViXqqEDS8vR02iPCaJvk4eEfK0NNymx3gxNaZGR1tN-f_YQr_U6CqgQ2y-i2zBImehgmX_I2sfnGPY4cgr7dW91buKcLPyAXCio6jWrAQ_xM4A87vZTni3wL3ifIaSDf0dXCDPN6Sp9bfoYt4ReV1Pfw_yQIz89WZWLLy_wNWFr132bquOf3JeYjiNU8s--jnUBuUro4Gm59OOjv-9C8BVA2nnRGJRqScWEiMT5XN8OWoSdibWceac5TIArwA3dVtrA8dbVv9th-IZr9PMsQfuzOsuYn5Z9Nk0YMfgoyjjDw-', 44, 'RIUzpdcLv427MramylrS-e6-_u7-wX11838O4Npvo0nUYChl6Q-ybmyBRRkvemO35sN_oXGQ2x9m0zvJEdSyNVPiL8VauejJEn9uZYs7PLDEcQoPf8nfhP4WyTGRK5QZrHNRJ1Lp7rreFfpOQgv7e6D1RPFSRdNXOWKBtaU0DIxXXqiKFkCFax3YEV7rtfh-_vVTOhB65aRuLJjf_eQBa0T4ad-0PFYfBAuADdHlpCaDSpzeoaoSticA-3da80cOIJRHS8Cw9Y2wz1uoa_TSHSKuJqX5JDC7HZo0eGIbwQ7O_8r4TYIgrSucey9nVlGAWsO_h4k73Zu4j3R31OSO_Q==', 'tomas');
INSERT INTO TomasMacri_CajaFuerteAsimetrica.message (id, message, id_folder, message_firmado, name_user) VALUES (57, '3XcLinbEhppPghdmo0jDtIqy-AfNvLKa2xqVhGK53JOu2kMmSEwxxPl_JCATZ4uajnc=', 41, 'EZb5kUFzUPtPBbKqGtXwvTL2bxVnyLhWVZlpQV-tApN68_XplxIA6AWtRisNby8g6BS0skTJhH7ugs1mBxCmDWoBNvCBILcTHkkCFpa79Dan5RmQ8SALNrGeRJdXJ6UX2NVxXbtwNBMQk7bUdrCzxLd9n1CtmnNh7sdioM9f-CfrJTaprmPkTul-ayX3-vg7fNxv1WkVkWBx1lggx5Mczb6ZxKxGsMvIEoRR2zqLa6vfZ21p-tJNb3Ly-H37lfEV8cxnKi7EMYKJkQfTiC8QpGcbSD9dKcZR9vXNh_k_E9SJcKfjX_lvrc14ETxU4u8NcC0K07QZENbzSvjHGxqy8w==', 'rooto');
