<?xml version="1.0" encoding="UTF-8"?>
<Configuration status="ALL" shutdownHook="disable">
    <Appenders>
        <Console name="ConsoleAppender" target="SYSTEM_OUT">
            <PatternLayout pattern="%d{HH:mm:ss.SSS} [%t] %-5level %logger{36} - %msg%n"/>
        </Console>
        <File name="FileAppender" fileName="application-${date:yyyyMMdd-HH-mm}.log" immediateFlush="false"
              append="true">
            <PatternLayout pattern="%d{yyy-MM-dd HH:mm:ss.SSS} [%t] %-5level %logger{36} - %msg%n"/>
        </File>
    </Appenders>
    <Loggers>
        <Root level="all">
            <AppenderRef ref="ConsoleAppender"/>
            <AppenderRef ref="FileAppender" level="warn"/>
        </Root>
    </Loggers>
</Configuration>